videoId,title,url,duration,thumbnail,uploadDate,channel
B1qT38bVsXc,Người Mường ở Long Cốc và Người Hmong ở Suối Giàng| Du lịch ẩm thực Việt Nam,https://www.youtube.com/watch?v=B1qT38bVsXc,3789,,,Khoai Lang Thang / Food & Travel
Ils74EIIPf4,"Seafood, Night Fishing, and Beach Life in Hua Hin | Ký sự Thái Lan: Hải sản, đi câu đêm ở Hua Hin",https://www.youtube.com/watch?v=Ils74EIIPf4,3874,,,Khoai Lang Thang / Food & Travel
tqjRb7JmKNk,SEAFOOD Market in Phetchaburi | Du lịch ẩm thực Thái Lan,https://www.youtube.com/watch?v=tqjRb7JmKNk,3286,,,Khoai Lang Thang / Food & Travel
L4nwxxQ9K-4,"Thailand's ""Wild West"": Mysteries of the Myanmar Border | Kanchanaburi Travel P2",https://www.youtube.com/watch?v=L4nwxxQ9K-4,5647,,,Khoai Lang Thang / Food & Travel
AjSxpi8E9WE,ICELAND #4 Volcanic Island Explore | Hành Trình Xuyên Đảo Núi Lửa,https://www.youtube.com/watch?v=AjSxpi8E9WE,3433,,,Khoai Lang Thang / Food & Travel
g6XaFpj6P9I,"""Miền Tây"" đất Thái P1 -  Journey in  Western Thailand - Food Tour",https://www.youtube.com/watch?v=g6XaFpj6P9I,3178,,,Khoai Lang Thang / Food & Travel
rJiDjip4Hrc,"Bắt heo nấu tiệc ở Măng Đen - Ethnic Minority Villages, Feast in Viet Nam",https://www.youtube.com/watch?v=rJiDjip4Hrc,3750,,,Khoai Lang Thang / Food & Travel
eWWkksk7kKU,"Chinese Night Market Full of Specialties: Exploring the Seaside City of Qingdao, Shandong",https://www.youtube.com/watch?v=eWWkksk7kKU,4779,,,Khoai Lang Thang / Food & Travel
ORC7rRqxugw,China Food Tour: Shandong | Du lịch Trung Quốc: Khám phá Tế Nam - Sơn Đông,https://www.youtube.com/watch?v=ORC7rRqxugw,4700,,,Khoai Lang Thang / Food & Travel
C4gC6_9mgko,8D China City - Chongqing | Du lịch Ẩm thực Trung Quốc #1,https://www.youtube.com/watch?v=C4gC6_9mgko,5948,,,Khoai Lang Thang / Food & Travel
5yBPT0FfLOU,"""Emerald lake"" in Switzerland, Day 3 | Ngày 3 ở Thuỵ Sĩ, Khoai lạc trôi khắp hồ ""lục bảo""",https://www.youtube.com/watch?v=5yBPT0FfLOU,5268,,,Khoai Lang Thang / Food & Travel
nRZCUcUtRw8,Day 2 in Switzerland: Khoai built a house by Lake Brienz. European culinary tour.,https://www.youtube.com/watch?v=nRZCUcUtRw8,2641,,,Khoai Lang Thang / Food & Travel
KLakTkK82kM,"Potatoes enter Switzerland, then mysteriously disappear? Traveling Europe in a mobile home.",https://www.youtube.com/watch?v=KLakTkK82kM,3331,,,Khoai Lang Thang / Food & Travel
B81osq4Icks,"Roadtrip ICELAND #4 | Vòi rồng"" từ lòng đất, tắm tiên - Du lịch Iceland Phần 4",https://www.youtube.com/watch?v=B81osq4Icks,2773,,,Khoai Lang Thang / Food & Travel
3xK9wcScn5Q,"European Road Trip in a Campervan: Iceland, Land of Fire and Ice - Part 3",https://www.youtube.com/watch?v=3xK9wcScn5Q,3406,,,Khoai Lang Thang / Food & Travel
aciA17SmOQA,(Clip dài) Du lịch ẩm thực Madagascar P1: Madagascar Full Trip (Combined video #1),https://www.youtube.com/watch?v=aciA17SmOQA,9725,,,Khoai Lang Thang / Food & Travel
orGK9LGfrY8,ICELAND Van Life #2 | Khoai du lịch bằng nhà di động ở Châu Âu: Bí ẩn sông băng ở Iceland,https://www.youtube.com/watch?v=orGK9LGfrY8,3331,,,Khoai Lang Thang / Food & Travel
l6QnwcAFDJE,"ICELAND #1 AURORA Hunting during Solar Storm | Khoai du lịch Châu Âu, cực quang ngày bão mặt trời",https://www.youtube.com/watch?v=l6QnwcAFDJE,3721,,,Khoai Lang Thang / Food & Travel
2jMScyTJVng,"Traveling by mobile home in Europe Part 2: From Germany to Austria, visiting a castle nearly a th...",https://www.youtube.com/watch?v=2jMScyTJVng,2567,,,Khoai Lang Thang / Food & Travel
qd3t_JSQXWo,Traveling by mobile home in Europe | Switzerland - Germany - Austria itinerary,https://www.youtube.com/watch?v=qd3t_JSQXWo,3174,,,Khoai Lang Thang / Food & Travel
V_hvWfO_-1Q,INDIA Travel #3: Whistling Village | Sốc với vùng cao Ấn #3: Tận cùng rừng sâu có ngôi làng huýt sáo,https://www.youtube.com/watch?v=V_hvWfO_-1Q,3000,,,Khoai Lang Thang / Food & Travel
6BNbj6ZaQ0w,INDIA TRIP - Sốc với vùng cao Ấn Độ #2: Xuyên mây đến vùng đất ướt - Meghalaya,https://www.youtube.com/watch?v=6BNbj6ZaQ0w,3232,,,Khoai Lang Thang / Food & Travel
KlspLaAGrC8,INDIAN Trip #1 - Self-drive to North Indian: Sốc với vùng cao Ấn Độ Du lịch ẩm thực Đông Bắc Ấn,https://www.youtube.com/watch?v=KlspLaAGrC8,3494,,,Khoai Lang Thang / Food & Travel
Y4l-tOhyxxg,Hongkong Amazing Trip - Ăn sập Hồng Kông,https://www.youtube.com/watch?v=Y4l-tOhyxxg,13584,,,Khoai Lang Thang / Food & Travel
EDc64jHQi10,"Russia Food Trip: ""Adult"" Eatery |Du lịch Nga gặp sự cố hiếm & quán ăn ""người lớn""",https://www.youtube.com/watch?v=EDc64jHQi10,4120,,,Khoai Lang Thang / Food & Travel
ep4U3To3LRU,HongKong Food Tour #4 Ăn sập Hongkong: 7 món ăn từ quá khứ | Du lịch ẩm thực Hồng Kông #4,https://www.youtube.com/watch?v=ep4U3To3LRU,3553,,,Khoai Lang Thang / Food & Travel
hRZ9F07j_sY,HONGKONG TRIP #3: CHỢ HẢI SẢN địa phương toàn tôm hùm cua ghẹ |Du lịch ẩm thực HongKong,https://www.youtube.com/watch?v=hRZ9F07j_sY,2468,,,Khoai Lang Thang / Food & Travel
eDFNfBmUtww,Hongkong Trip #2: Bí ẩn trên đỉnh núi | Du lịch ẩm thực Hongkong,https://www.youtube.com/watch?v=eDFNfBmUtww,3201,,,Khoai Lang Thang / Food & Travel
rFW_KCxAHNw,"Hongkong Trip#1: ""Ăn sập"" Hồng Kông: Chục món lạ từ lòng đất đến bầu trời",https://www.youtube.com/watch?v=rFW_KCxAHNw,4709,,,Khoai Lang Thang / Food & Travel
WTVvCXgn-Rk,"Bali Trip: Khám phá đảo núi lửa bất ổn, phát hiện nhiều thứ không ngờ |Du lịch ẩm thực Indonesia",https://www.youtube.com/watch?v=WTVvCXgn-Rk,4155,,,Khoai Lang Thang / Food & Travel
mR62-KT6pbw,FEAST on Stilt House Village in deep JUNGLE | NẤU ĐÁM ở xóm nhà sàn bí ẩn giữa rừng - Tết Việt Nam,https://www.youtube.com/watch?v=mR62-KT6pbw,4071,,,Khoai Lang Thang / Food & Travel
LXngZG7eANg,"Level 999 Feast Cooking | NẤU ĐÁM cấp độ 999 chưa từng thấy, cả xóm trăm người vui như Tết",https://www.youtube.com/watch?v=LXngZG7eANg,2995,,,Khoai Lang Thang / Food & Travel
jNQVpPb_OwI,Khmer's Feast. Bữa tiệc của người Khmer và món ăn 99% người không biết nấu. Du lịch An Giang,https://www.youtube.com/watch?v=jNQVpPb_OwI,3509,,,Khoai Lang Thang / Food & Travel
s6CaP7BLyQI,"LION hunting & African tribes. ""S.Ă.N"" sư tử và bộ lạc Châu Phi! Du lịch Kenya Châu Phi P15",https://www.youtube.com/watch?v=s6CaP7BLyQI,4225,,,Khoai Lang Thang / Food & Travel
5BClVOcLw9E,"A Place Where Humans Could Be E.A.T.E.N – Kenya, Africa (Part 14) |  Du lịch ẩm thực Kenya",https://www.youtube.com/watch?v=5BClVOcLw9E,2065,,,Khoai Lang Thang / Food & Travel
N-gpD9QqTK0,A lavish African-style feast | Du lịch ẩm thực Kenya P13,https://www.youtube.com/watch?v=N-gpD9QqTK0,2590,,,Khoai Lang Thang / Food & Travel
M_WD9Dxayk8,Stay in Africa's notorious gang-infested slums | Kenya Food Tour P12 - Nairobi Slums,https://www.youtube.com/watch?v=M_WD9Dxayk8,2517,,,Khoai Lang Thang / Food & Travel
5AJd2FJUVkc,10 Strange Food in world’s 3th largest slum - Ăn 10 món lạ ở khu ổ chuột Kenya |Du lịch Châu Phi P11,https://www.youtube.com/watch?v=5AJd2FJUVkc,3073,,,Khoai Lang Thang / Food & Travel
92-IbWKp_3k,(ENG SUB) Africa Market - CHỢ TRỜI Châu Phi |Du lịch ẩm thực Kenya P10,https://www.youtube.com/watch?v=92-IbWKp_3k,2600,,,Khoai Lang Thang / Food & Travel
MLBhMV8k6e0,African - Kenya Food Trip - Du lịch ẩm thực Châu Phi P9: Những ngày đầu ở Kenya,https://www.youtube.com/watch?v=MLBhMV8k6e0,3747,,,Khoai Lang Thang / Food & Travel
cJD4fc5l3fM,African P8: PROHIBITED GOODS & Giant Market | HÀNG C.Ấ.M & chợ khổng lồ ở Châu Phi Madagascar,https://www.youtube.com/watch?v=cJD4fc5l3fM,3033,,,Khoai Lang Thang / Food & Travel
mzeh6lWhFi4,Africa Food Trip #7 - Du lịch Châu Phi: Thị trấn rừng rậm |Ẩm thực Madagascar,https://www.youtube.com/watch?v=mzeh6lWhFi4,4032,,,Khoai Lang Thang / Food & Travel
NgaZHtCr_a0,Africa - Go with Strangers. Theo người lạ vượt biển đến nơi toàn hải sản |Du lịch Madagascar P6,https://www.youtube.com/watch?v=NgaZHtCr_a0,2319,,,Khoai Lang Thang / Food & Travel
oL9OX4e2Kl4,"Rare ""Divine Fruit"" - Madagascar trip #5: Tìm ăn trái thần dọc cung đường tử thần |Du lịch Châu Phi",https://www.youtube.com/watch?v=oL9OX4e2Kl4,3290,,,Khoai Lang Thang / Food & Travel
IJ24VtLd1jU,Madagascar Local Street Food #4 |Du lịch ẩm thực đường phố Châu Phi - Madagascar P4,https://www.youtube.com/watch?v=IJ24VtLd1jU,3321,,,Khoai Lang Thang / Food & Travel
xEnYZ55FCG8,Africa Food Trip #3: Seafood in local market. CHỢ TRỜI CHÂU PHI. Du lịch ẩm thực Madagascar,https://www.youtube.com/watch?v=xEnYZ55FCG8,2815,,,Khoai Lang Thang / Food & Travel
aoFeasRsiyk,Africa Street Food - Madagascar #2: Amazed and Nostalgic | Du lịch ẩm thực Châu Phi - Madagascar P2,https://www.youtube.com/watch?v=aoFeasRsiyk,2446,,,Khoai Lang Thang / Food & Travel
0Q8fkicguR8,Madagascar #1 : Lifetime experience | Du lịch Châu Phi: Kinh nghiệm nhớ đời,https://www.youtube.com/watch?v=0Q8fkicguR8,1953,,,Khoai Lang Thang / Food & Travel
E-JMv4ebt18,"USA Solo Travel #6: Car Accident, Snow Incident, Giant Salt Lake, Mesa Arch...| Du lịch Mỹ tự túc #6",https://www.youtube.com/watch?v=E-JMv4ebt18,1810,,,Khoai Lang Thang / Food & Travel
7v7EBziokmM,Du lịch Mỹ tự túc #5: Đừng đến Arizona một mình! USA trip,https://www.youtube.com/watch?v=7v7EBziokmM,2316,,,Khoai Lang Thang / Food & Travel
7TdSEX4JFdw,USA RoadTrip: Thiên đường cám dỗ - Las Vegas | Du lịch Mỹ tự túc #4,https://www.youtube.com/watch?v=7TdSEX4JFdw,2512,,,Khoai Lang Thang / Food & Travel
5cW2Kj4_7HY,USA RoadTrip: Choáng ngợp thung lũng C-H-Ế-T. Du lịch Mỹ tự túc #3,https://www.youtube.com/watch?v=5cW2Kj4_7HY,3071,,,Khoai Lang Thang / Food & Travel
FDMDKktG75I,"Diving for seafood, full of specialties in Ly Son Island | Quang Ngai Vietnam culinary tourism",https://www.youtube.com/watch?v=FDMDKktG75I,2704,,,Khoai Lang Thang / Food & Travel
NTEgu8uWS1I,USA Roadtrip #2: Du lịch Mỹ tự túc - Rừng sâu đầy tuyết |USA trip,https://www.youtube.com/watch?v=NTEgu8uWS1I,2286,,,Khoai Lang Thang / Food & Travel
rMBaVOW4AE8,USA Roadtrip - Du lịch Mỹ tự túc - Hai ngày ở San Francisco,https://www.youtube.com/watch?v=rMBaVOW4AE8,2102,,,Khoai Lang Thang / Food & Travel
GOz2qHVKKC8,Feasting in the Mekong Delta. Culinary Tourism in Ca Mau,https://www.youtube.com/watch?v=GOz2qHVKKC8,1993,,,Khoai Lang Thang / Food & Travel
p_u50y858kY,Nấu ĐÁM GIỖ từ ba giờ sáng |Du lịch ẩm thực Miền Tây,https://www.youtube.com/watch?v=p_u50y858kY,4095,,,Khoai Lang Thang / Food & Travel
DLagw6VWFSI,Cambodia Food Tour #3 | Tiệc hải sản trên thuyền câu Campuchia,https://www.youtube.com/watch?v=DLagw6VWFSI,2753,,,Khoai Lang Thang / Food & Travel
CIuJyujz3Mc,Campuchia Food Tour #2|  Đảo ngọc Campuchia sẽ cạnh tranh với Phú Quốc? Du lịch ẩm thực Campuchia,https://www.youtube.com/watch?v=CIuJyujz3Mc,2668,,,Khoai Lang Thang / Food & Travel
89GcK3RZL5I,Campuchia Food Tour #1| Ngỡ ngàng đặc sản và cuộc sống miền quê Campuchia!,https://www.youtube.com/watch?v=89GcK3RZL5I,2075,,,Khoai Lang Thang / Food & Travel
0jjopJXQvqo,Luang Prabang - Laos Food Tour#5 | No nê Chợ Đêm ở Luang Prabang,https://www.youtube.com/watch?v=0jjopJXQvqo,1242,,,Khoai Lang Thang / Food & Travel
zlPqZF-48to,🇱🇦 Laos Food Tour #4 | Luang Prabang - CHỢ TRỜI sáng sớm và nhiều đặc sản lạ,https://www.youtube.com/watch?v=zlPqZF-48to,2834,,,Khoai Lang Thang / Food & Travel
DRo7i4jQ3Z8,Đặc sản và cảnh sắc ở Luang Prabang - Du lịch ẩm thực Lào #3,https://www.youtube.com/watch?v=DRo7i4jQ3Z8,2579,,,Khoai Lang Thang / Food & Travel
OWlik0yAwoc,Miền Tây ra Bắc tìm người thân #7 | Cuộc sống Bản Phùng: em Lỳ mất tích,https://www.youtube.com/watch?v=OWlik0yAwoc,1669,,,Khoai Lang Thang / Food & Travel
w3Lacg8bqZI,Life at Phung Village Viet Nam #6 | Khoai Lang Thang nhận được quà đặc biệt mùa lúa chín,https://www.youtube.com/watch?v=w3Lacg8bqZI,1597,,,Khoai Lang Thang / Food & Travel
M5LfC13vTIg,Vietnam Food Tour | Bí ẩn xóm biển sống tách biệt giữa rừng - Miền Tây phiêu lưu ký,https://www.youtube.com/watch?v=M5LfC13vTIg,2740,,,Khoai Lang Thang / Food & Travel
GjtcXliMKjM,Vietnam Food Tour - Cao Bằng | Cấp độ 999: Nơi phải đến một lần trong đời | Du lịch Việt Nam,https://www.youtube.com/watch?v=GjtcXliMKjM,2066,,,Khoai Lang Thang / Food & Travel
lj_IhcnKbCw,"🇱🇦 Laos Food Tour #2 | Kiếp nạn ở Lào, đừng đi Vangvieng nếu mưa",https://www.youtube.com/watch?v=lj_IhcnKbCw,1679,,,Khoai Lang Thang / Food & Travel
Pu3TLc4qitE,"🇱🇦 Laos Food Tour #1 |Chuyến đi Lào bất ổn, quá nhiều thứ ngoài kiểm soát |Du lịch ẩm thực Lào",https://www.youtube.com/watch?v=Pu3TLc4qitE,2548,,,Khoai Lang Thang / Food & Travel
hK-s3LsZcFc,🇹🇭Thai-Lao Border Night Market - Chợ đêm Thái toàn người Việt |Du lịch ẩm thực Thái Lan #13,https://www.youtube.com/watch?v=hK-s3LsZcFc,2077,,,Khoai Lang Thang / Food & Travel
ykkAMhoSsmg,"🇹🇭 Thailand Food Tour #12 | Những món ăn rất kỳ lạ, chuẩn bị đi Lào |Du lịch ẩm thực Thái Lan",https://www.youtube.com/watch?v=ykkAMhoSsmg,2166,,,Khoai Lang Thang / Food & Travel
KGb_j1E7XO8,🇹🇭 Thailand  Food Travel #11 - Đi chợ - Cá thủy quái 300kg - 20 đặc sản lạ |Du lịch ẩm thực Thái Lan,https://www.youtube.com/watch?v=KGb_j1E7XO8,2728,,,Khoai Lang Thang / Food & Travel
zc3A_CxSyc4,Cooking garden parties in the West with all the specialties | Culinary tourism in the West of Vie...,https://www.youtube.com/watch?v=zc3A_CxSyc4,2628,,,Khoai Lang Thang / Food & Travel
RKL-XYdf9iM,🇹🇭Thailand Food Tour #10: Ngày đầu ở Nakhon Phanom |Ký sự du lịch ẩm thực Thái Lan,https://www.youtube.com/watch?v=RKL-XYdf9iM,1710,,,Khoai Lang Thang / Food & Travel
e594UM7wFMI,🇹🇭Thailand Food Tour #9: Khu rừng tâm linh KHÔNG ĐƯỢC vào một mình,https://www.youtube.com/watch?v=e594UM7wFMI,2466,,,Khoai Lang Thang / Food & Travel
9XUlDjvHAM4,"🇹🇭Thailand Food Tour #8: Đi về phương Bắc ngang khu chợ trời, ngập tràn món ăn |Ăn sập Thái Lan",https://www.youtube.com/watch?v=9XUlDjvHAM4,1605,,,Khoai Lang Thang / Food & Travel
GzW3FIP2gIo,🇹🇭Thailand Food Tour #7: Chợ nông sản của Thái khác Việt Nam ra sao? Ăn sập Thái Lan | Sakon Nakhon,https://www.youtube.com/watch?v=GzW3FIP2gIo,2451,,,Khoai Lang Thang / Food & Travel
ZNx9sLEZ0e8,🇹🇭Thailand Food Tour #6: Rưng rưng giọng Việt nơi đất khách. Du lịch ẩm thực Sakon Nakhon,https://www.youtube.com/watch?v=ZNx9sLEZ0e8,2771,,,Khoai Lang Thang / Food & Travel
4YeglUKmVK4,"🇯🇵Japan Food Tour #8: Chợ hải sản ở Tokyo, xếp hàng quá mệt nhưng nhiều món ngon",https://www.youtube.com/watch?v=4YeglUKmVK4,1890,,,Khoai Lang Thang / Food & Travel
k7X2CE5LXds,"Phú Quốc: Mực tươi, hải sản trong suốt trên tàu biển |Du lịch ẩm thực Miền Tây Việt Nam",https://www.youtube.com/watch?v=k7X2CE5LXds,1247,,,Khoai Lang Thang / Food & Travel
rcgrVgVlV5c,🇯🇵Ẩm thực ở Tokyo |Hành trình du lịch ẩm thực Nhật Bản #7,https://www.youtube.com/watch?v=rcgrVgVlV5c,2704,,,Khoai Lang Thang / Food & Travel
V_2_CPiTDR4,Từ Miền Tây ra Bắc tìm người thân #5. Ký sự Bản Phùng |Du lịch ẩm thực Hà Giang Việt Nam,https://www.youtube.com/watch?v=V_2_CPiTDR4,1802,,,Khoai Lang Thang / Food & Travel
mLmPajA_3Gg,Nấu tiệc Miền Tây mời người La Chí . Ký sự Bản Phùng #4 |Du lịch ẩm thực Việt Nam,https://www.youtube.com/watch?v=mLmPajA_3Gg,1823,,,Khoai Lang Thang / Food & Travel
wX-TrSDnAys,Từ Miền Tây ra Bắc tìm người thân #3 - Ký sự Bản Phùng,https://www.youtube.com/watch?v=wX-TrSDnAys,1965,,,Khoai Lang Thang / Food & Travel
RvMcyBS8SgU,Từ Miền Tây ra Bắc tìm người thân #2. Ký sự Bản Phùng #2 ,https://www.youtube.com/watch?v=RvMcyBS8SgU,1604,,,Khoai Lang Thang / Food & Travel
M2B-FuaDTcA,Hành trình Khoai tìm lại em bé vùng cao sau 5 năm! Ký sự Bản Phùng #1,https://www.youtube.com/watch?v=M2B-FuaDTcA,1687,,,Khoai Lang Thang / Food & Travel
LrNiiFPKA90,🇯🇵 Japan Food Tour #6: Những cụ già nơi ngôi nhà lạ,https://www.youtube.com/watch?v=LrNiiFPKA90,1900,,,Khoai Lang Thang / Food & Travel
KMdlKttaWJY,🇯🇵 Japan Food Tour #5: Nhật ký du lịch ăn no cành hông Nhật Bản,https://www.youtube.com/watch?v=KMdlKttaWJY,1965,,,Khoai Lang Thang / Food & Travel
QswEGJs4a74,"🇯🇵 Japan Food Tour #4 Chợ hải sản ở Nhật & chuyện lạ nơi ""tắm tiên"" không mặc gì",https://www.youtube.com/watch?v=QswEGJs4a74,2784,,,Khoai Lang Thang / Food & Travel
fw02hy6vqaQ,"🇯🇵 Japan Food Tour #3: 1000 người xếp hàng để ăn, vì sao? Vượt 300km đến Hakodate Hokkaido",https://www.youtube.com/watch?v=fw02hy6vqaQ,2709,,,Khoai Lang Thang / Food & Travel
793McC23idc,🇯🇵Japan Food Tour #2: Trai Miền Tây lần đầu trượt tuyết ở Hokkaidō/Japan Food Trip,https://www.youtube.com/watch?v=793McC23idc,1941,,,Khoai Lang Thang / Food & Travel
Psj74U61H1Y,🇯🇵Japan Food Tour: Ăn đêm giữa trời tuyết |Du lịch ẩm thực Hokkaidō Nhật Bản,https://www.youtube.com/watch?v=Psj74U61H1Y,1816,,,Khoai Lang Thang / Food & Travel
h_HWvUV_mCQ,"🇰🇷Đặc sản ""không chân ướt át trên lửa hồng"" |Du lịch ẩm thực Hàn Quốc #5",https://www.youtube.com/watch?v=h_HWvUV_mCQ,1625,,,Khoai Lang Thang / Food & Travel
3i3cDuGayqg,🇰🇷Gwangjang Market - Food Paradise | Korean Food Tour #4,https://www.youtube.com/watch?v=3i3cDuGayqg,2533,,,Khoai Lang Thang / Food & Travel
OexdHszpU00,KOREA STREET FOOD: Lạ kỳ quán ăn 70 năm KHÔNG CHO NGỒI |Ẩm thực Hàn Quốc #3,https://www.youtube.com/watch?v=OexdHszpU00,2871,,,Khoai Lang Thang / Food & Travel
Qyh8ZArkHMs,"Vietnamese Guy in Korea, eat a lot | Du lịch Hàn Quốc #2",https://www.youtube.com/watch?v=Qyh8ZArkHMs,2449,,,Khoai Lang Thang / Food & Travel
2gVWXkHSpL0,🇰🇷Du lịch ẩm thực Hàn Quốc #:1 Về quê đào và ăn nhân sâm,https://www.youtube.com/watch?v=2gVWXkHSpL0,1701,,,Khoai Lang Thang / Food & Travel
IHNKnPgbBGM,🇮🇳Ấn Độ: Cả ngàn người xếp hàng mỗi ngày chỉ để ăn những món này |Du lịch ẩm thực Ấn Độ #7,https://www.youtube.com/watch?v=IHNKnPgbBGM,2444,,,Khoai Lang Thang / Food & Travel
qVH3OuNERKA,🇮🇳Indian Food Travel #6: Delicious Dishes Hidden in Dark Alleys,https://www.youtube.com/watch?v=qVH3OuNERKA,1694,,,Khoai Lang Thang / Food & Travel
rDJCBxFDyGc,India Food Trip: WOW | Du lịch ẩm thực Ấn Độ #5: Ngày cuối ở Mumbai,https://www.youtube.com/watch?v=rDJCBxFDyGc,2105,,,Khoai Lang Thang / Food & Travel
WCSlGe_2tpM,"INDIA Streetfood - Ẩm thực đường phố, nấu trên đường phố |Du lịch ẩm thực Ấn Độ #4",https://www.youtube.com/watch?v=WCSlGe_2tpM,2116,,,Khoai Lang Thang / Food & Travel
sn3TkLmnI-k,🇮🇳Strange Slums & 10 Specialties | Indian Food Travel #3,https://www.youtube.com/watch?v=sn3TkLmnI-k,3014,,,Khoai Lang Thang / Food & Travel
DLebW_0gwoc,🇮🇳Du lịch ẩm thực Ấn Độ #2: Ăn chục món một ngày tại trung tâm cổ,https://www.youtube.com/watch?v=DLebW_0gwoc,1762,,,Khoai Lang Thang / Food & Travel
ykx1TFsECIQ,"India Food Tour #1| Vừa đến Ấn Độ, ngỡ ngàng với đồ ăn thức uống",https://www.youtube.com/watch?v=ykx1TFsECIQ,1530,,,Khoai Lang Thang / Food & Travel
VhIlgjHKRB4,1001 đặc sản vừa lạ vừa ngon |Bắc Hà Du Ký phần cuối,https://www.youtube.com/watch?v=VhIlgjHKRB4,1691,,,Khoai Lang Thang / Food & Travel
fCbjgpgXa4A,"Vừa bước vô chợ phiên, thấy món bánh vàng vàng lạ lắm | Bắc Hà Du Ký P5",https://www.youtube.com/watch?v=fCbjgpgXa4A,1981,,,Khoai Lang Thang / Food & Travel
YTEyZlwD3K0,Bữa tiệc nấu theo cách của người Nùng - Bắc Hà Du Ký #4 |Du lịch ẩm thực Việt Nam,https://www.youtube.com/watch?v=YTEyZlwD3K0,1756,,,Khoai Lang Thang / Food & Travel
i7J4C8LHE6Y,Plum season in Vietnam. Bắc Hà Du Ký P3: RỪNG MẬN,https://www.youtube.com/watch?v=i7J4C8LHE6Y,1347,,,Khoai Lang Thang / Food & Travel
ILRRwwnbLyc,Bắc Hà Du Ký P2: no nê ở chợ phiên Lùng Phình nhiều món lạ |Đặc sản vùng cao,https://www.youtube.com/watch?v=ILRRwwnbLyc,1670,,,Khoai Lang Thang / Food & Travel
hoOxuB9qOLk,Bac Ha Travelogue P1: First Day | Culinary tourism in Northwest Vietnam,https://www.youtube.com/watch?v=hoOxuB9qOLk,1135,,,Khoai Lang Thang / Food & Travel
4NWNhzcRRtg,Lychee Season In Vietnam. Mùa vải thiều ở Việt Nam | Du lịch Bắc Giang.,https://www.youtube.com/watch?v=4NWNhzcRRtg,1997,,,Khoai Lang Thang / Food & Travel
tce4fo144HA,"🇹🇭 Feasting at Jodd Fairs Night Market - ""Eating my way through"" Thailand #5 | Travel with Khoai ...",https://www.youtube.com/watch?v=tce4fo144HA,1271,,,Khoai Lang Thang / Food & Travel
K4zx4kx7X7M,"🇹🇭""Ăn sập"" Thái Lan #4: Chợ trời lớn nhất nhì Thế Giới Chatuchak |Du lịch khám phá ẩm thực",https://www.youtube.com/watch?v=K4zx4kx7X7M,1721,,,Khoai Lang Thang / Food & Travel
Kp27BlfAl3Y,"Mùa sầu riêng ở Miền Tây, bạn có biết? Nông nghiệp Việt Nam",https://www.youtube.com/watch?v=Kp27BlfAl3Y,1895,,,Khoai Lang Thang / Food & Travel
CRvD8dOBmx8,"🇹🇭""Ăn sập"" Thái Lan #3: 14 món đặc sản ngon lạ |Du lịch khám phá cùng Khoai Lang Thang",https://www.youtube.com/watch?v=CRvD8dOBmx8,2925,,,Khoai Lang Thang / Food & Travel
JadA4PKvyHA,Thailand Food Tour | Ăn sập Thái Lan #2 | Du lịch ẩm thực cùng Khoai Lang Thang,https://www.youtube.com/watch?v=JadA4PKvyHA,2179,,,Khoai Lang Thang / Food & Travel
mm8lI7HrEHA,Thailand Food Tour #1 |Đi Thái Lan bị chọc mũi và ngày đầu bị nhốt |Ăn sập Thái Lan #1,https://www.youtube.com/watch?v=mm8lI7HrEHA,1457,,,Khoai Lang Thang / Food & Travel
_0fcf0tFLzw,"Đám cưới nào cũng làm món này, nhưng giờ thất truyền rồi! Cuộc sống sông nước Miền Tây",https://www.youtube.com/watch?v=_0fcf0tFLzw,2629,,,Khoai Lang Thang / Food & Travel
7brb9WzD1YE,Cuộc sống miệt vườn Đồng Tháp |Signature dish of Mekong Delta Vietnam,https://www.youtube.com/watch?v=7brb9WzD1YE,2066,,,Khoai Lang Thang / Food & Travel
28oGGAiNtrU,"Khám phá Sơn La, Hà Giang | Vietnam Mountain Trip.",https://www.youtube.com/watch?v=28oGGAiNtrU,2289,,,Khoai Lang Thang / Food & Travel
BXJ9oVAEmoU,Cuộc sống ven rừng U Minh phần 3 |Vietnam's Suburbs Life - Amazing Food,https://www.youtube.com/watch?v=BXJ9oVAEmoU,1687,,,Khoai Lang Thang / Food & Travel
ENSLITZnc6w,"Cuộc sống Năm Căn: Cua, ba khía ăn hoài riếc ngán |Vietnam's Suburbs Life - Amazing Food",https://www.youtube.com/watch?v=ENSLITZnc6w,2334,,,Khoai Lang Thang / Food & Travel
MZxiqm-JkfY,Bánh đúc thủ công suốt 50 năm đỏ lửa ở Miền Tây |Ultimate grandmother's cake in VietNam,https://www.youtube.com/watch?v=MZxiqm-JkfY,2097,,,Khoai Lang Thang / Food & Travel
ndx5BhSUIXY,"Cuộc sống ven rừng U Minh |Vietnam's Suburbs Life, Amazing Local Food",https://www.youtube.com/watch?v=ndx5BhSUIXY,1714,,,Khoai Lang Thang / Food & Travel
cRmhNeBjap4,Cuộc sống ven rừng U Minh | Vietnam's Suburbs Life - Amazing Food,https://www.youtube.com/watch?v=cRmhNeBjap4,2301,,,Khoai Lang Thang / Food & Travel
d8vM_9sWypg,"Đi bắt hải sản, ốc leo cây ở biển Sóc Trăng |Catch and Cook AMAZING SEAFOOD in Vietnam",https://www.youtube.com/watch?v=d8vM_9sWypg,1598,,,Khoai Lang Thang / Food & Travel
JYULx2AItoI,(Lofi Ver.) 'em và những ngày yêu' - Khoai. (Lofi Ver. by Mr.Paa),https://www.youtube.com/watch?v=JYULx2AItoI,236,,,Khoai Lang Thang / Food & Travel
WVAOQ5HPSq4,"Bắt hải sản, chuột biển ở rừng bần Miền Tây |SEAFOOD in the largest mangrove forest in Vietnam",https://www.youtube.com/watch?v=WVAOQ5HPSq4,2256,,,Khoai Lang Thang / Food & Travel
SLpU2LGv54g,(Official MV) Em Và Những Ngày Yêu - Khoai Lang Thang,https://www.youtube.com/watch?v=SLpU2LGv54g,285,,,Khoai Lang Thang / Food & Travel
SYcnSZfXwWw,Em và Những Ngày Yêu - Khoai. | #Shorts Audio Teaser |19:03 ngày 19/03,https://www.youtube.com/watch?v=SYcnSZfXwWw,56,,,Khoai Lang Thang / Food & Travel
6S3pp7oLmog,"Du lịch ẩm thực Nghệ An | Trip to the highland, Nghia Dan - Nghe An - Viet Nam",https://www.youtube.com/watch?v=6S3pp7oLmog,2730,,,Khoai Lang Thang / Food & Travel
SjtMbfXcc6U,Món ngon miền Tây xưa ít người biết |Cooking strange childhood dishes in garden |VietNam culinary,https://www.youtube.com/watch?v=SjtMbfXcc6U,2090,,,Khoai Lang Thang / Food & Travel
0f4SSs4ZGnI,"Lạ kỳ “Tết Kate"" của người Chăm P3 |1000 offerings at the sacred temple |""Tet Kate"" E.3",https://www.youtube.com/watch?v=0f4SSs4ZGnI,1611,,,Khoai Lang Thang / Food & Travel
7ALJRNYsgF8,"“Tết Kate"" ở Việt Nam P2: Đi chợ quê nấu tiệc rước Y Trang |Kate Holiday in Vietnam Part 2 ",https://www.youtube.com/watch?v=7ALJRNYsgF8,1699,,,Khoai Lang Thang / Food & Travel
CG1zZxZa3KE,"""Kate Holiday"" in Viet Nam: The SPECIAL DISH for the god",https://www.youtube.com/watch?v=CG1zZxZa3KE,1838,,,Khoai Lang Thang / Food & Travel
lpHZsaH_nfE,Đặc sản sông nước miệt vườn Miền Tây |Rustic SPECIALITIES in Mekong Delta |Hau Giang Vietnam,https://www.youtube.com/watch?v=lpHZsaH_nfE,1363,,,Khoai Lang Thang / Food & Travel
XwY9ysGXkI4,"Đắk Lắk Travel, Eating SPECIALTY in the middle of RED FOREST | Highland of Vietnam",https://www.youtube.com/watch?v=XwY9ysGXkI4,1591,,,Khoai Lang Thang / Food & Travel
KJApEC8hGTk,Vào rừng tìm loài cây ăn vào nhớ mãi ở Miền Tây |Go to the forest to find strange species of Vietnam,https://www.youtube.com/watch?v=KJApEC8hGTk,2208,,,Khoai Lang Thang / Food & Travel
0gwVK2nUjYY,Đám giỗ miệt vườn ở Đồng Tháp P2 |Feast in Western Vietnam P2,https://www.youtube.com/watch?v=0gwVK2nUjYY,2609,,,Khoai Lang Thang / Food & Travel
AZ508saosRY,Đám giỗ miệt vườn ở Đồng Tháp P1 |Feast in Western Vietnam P1,https://www.youtube.com/watch?v=AZ508saosRY,1960,,,Khoai Lang Thang / Food & Travel
L4HWqGQxIj4,Món ngon sông nước ít người biết |Du lịch Hậu Giang Miền Tây Việt Nam,https://www.youtube.com/watch?v=L4HWqGQxIj4,2188,,,Khoai Lang Thang / Food & Travel
934Upp7Efw0,7-course pork dish to treat islanders | Nha Trang Vietnam Tourism,https://www.youtube.com/watch?v=934Upp7Efw0,1265,,,Khoai Lang Thang / Food & Travel
QbLxZQpMwug,"Eating seafood and encountering a ""nameless"" snail species in Hon Lon | Nha Trang Vietnam Tourism",https://www.youtube.com/watch?v=QbLxZQpMwug,1607,,,Khoai Lang Thang / Food & Travel
2m2P4QCCsEo,"Giữa khuya đi theo tàu cá /following a fishing boat, floating meals in the middle of the sea |",https://www.youtube.com/watch?v=2m2P4QCCsEo,1233,,,Khoai Lang Thang / Food & Travel
xXTcKSxGClQ,Khoai đi làm nhân viên giao hàng.,https://www.youtube.com/watch?v=xXTcKSxGClQ,741,,,Khoai Lang Thang / Food & Travel
ooLe450fTw0,"Du lịch Hà Giang | Traveling to Ha Giang, the North Pole of Vietnam | BTS Đợi Nụ Cười Em p2",https://www.youtube.com/watch?v=ooLe450fTw0,1446,,,Khoai Lang Thang / Food & Travel
5ta7YnZ1K_o,"Du lịch Hà Giang, bữa ăn thịnh soạn, ngày hội ngộ |Traveling to Ha Giang",https://www.youtube.com/watch?v=5ta7YnZ1K_o,1444,,,Khoai Lang Thang / Food & Travel
Cn-y771YdgY,"Forest mushroom hunting, night campingn |Săn nấm rừng, cắm trại đêm ở Đà Lạt",https://www.youtube.com/watch?v=Cn-y771YdgY,2463,,,Khoai Lang Thang / Food & Travel
rgtYBNml5ts,24h sống trên bè hàu giữa biển |24 hours living on oyster rafts |Nha Trang Vietnam Travel,https://www.youtube.com/watch?v=rgtYBNml5ts,2277,,,Khoai Lang Thang / Food & Travel
vIu-y8Ka9oY,Đợi Nụ Cười Em - Khoai - Official Music Video,https://www.youtube.com/watch?v=vIu-y8Ka9oY,331,,,Khoai Lang Thang / Food & Travel
2QBjIn6UK48,Ăn cua biển trên ghe hàng Miền Tây |Eat crab in the freight wherry | Freight wherry life P3,https://www.youtube.com/watch?v=2QBjIn6UK48,1236,,,Khoai Lang Thang / Food & Travel
wfe5_skybHA,Cuộc sống ghe hàng P2 |FREIGHT WHERRY life in VIETNAM |Floating supermarket |Vietnam tourism,https://www.youtube.com/watch?v=wfe5_skybHA,1836,,,Khoai Lang Thang / Food & Travel
t35htz69mJg,Cuộc sống trên ghe hàng Miền Tây P1 |Life on the freight wherry,https://www.youtube.com/watch?v=t35htz69mJg,1670,,,Khoai Lang Thang / Food & Travel
LCYFqTATOXw,Đi bắt cá về nấu đám giỗ ở Miền Tây |Gain a night fish catching in Vietnam,https://www.youtube.com/watch?v=LCYFqTATOXw,2090,,,Khoai Lang Thang / Food & Travel
L0nW0P25DuU,Theo tàu đánh bắt hải sản ở Bình Định |Follow the ship to catch seafood,https://www.youtube.com/watch?v=L0nW0P25DuU,1642,,,Khoai Lang Thang / Food & Travel
ovp3WFhO7zU,Đặc sản Bình Định ít người biết làm |Specialties of Binh Dinh that few people know how to do,https://www.youtube.com/watch?v=ovp3WFhO7zU,2599,,,Khoai Lang Thang / Food & Travel
LiWuwuAG7gM,A Day of Making Traditional Cakes with the Cham Muslims in An Giang | Western Vietnam Culinary To...,https://www.youtube.com/watch?v=LiWuwuAG7gM,1656,,,Khoai Lang Thang / Food & Travel
E_M0rjD75C0,Making Khmer Traditional Palm Sugar | An Giang Travel Western Vietnam,https://www.youtube.com/watch?v=E_M0rjD75C0,1866,,,Khoai Lang Thang / Food & Travel
KH3VXjncij4,Bắt cá về nấu bữa ăn chà bá ở Miền Tây |Du lịch An Giang Việt Nam,https://www.youtube.com/watch?v=KH3VXjncij4,1636,,,Khoai Lang Thang / Food & Travel
r3UJ3Uc9VqM,Miền Tây Việt Nam: Cooking with Muslims in the West of Vietnam | Vietnam Culinary Tourism,https://www.youtube.com/watch?v=r3UJ3Uc9VqM,2494,,,Khoai Lang Thang / Food & Travel
T02aU8qpshQ,"10 năm & BÍ MẬT CHƯA KỂ |10 YEARS & the UNTOLD SCERET. GOOD-CLASS, RICH KID?",https://www.youtube.com/watch?v=T02aU8qpshQ,1712,,,Khoai Lang Thang / Food & Travel
Sywt49b7RPE,[OFFICIAL MUSIC VIDEO] Thương Dù Buồn Vẫn Thương - Khoai Lang Thang,https://www.youtube.com/watch?v=Sywt49b7RPE,320,,,Khoai Lang Thang / Food & Travel
HNDTMWCFt-Y,Du lịch Indonesia: What is inside the active volcano? Java Indonesia Tourism,https://www.youtube.com/watch?v=HNDTMWCFt-Y,1375,,,Khoai Lang Thang / Food & Travel
wjDs5zwRlMA,"(Official Music Video) Muốn Yêu Thật Lâu Một Người - Khoai Lang Thang, St. Reddy",https://www.youtube.com/watch?v=wjDs5zwRlMA,304,,,Khoai Lang Thang / Food & Travel
pmfWI9WdyIM,Discover Ha Long Bay VietNam |Du lịch Vịnh Hạ Long Việt Nam,https://www.youtube.com/watch?v=pmfWI9WdyIM,2277,,,Khoai Lang Thang / Food & Travel
v32lFxUUV5o,Đám cưới miệt vườn Miền Tây |Vietnam Countryside Wedding,https://www.youtube.com/watch?v=v32lFxUUV5o,2694,,,Khoai Lang Thang / Food & Travel
LXVXjb-wYP0,SaPa VietNam Travel |Ký sự du lịch ẩm thực Sapa #6,https://www.youtube.com/watch?v=LXVXjb-wYP0,1634,,,Khoai Lang Thang / Food & Travel
l8M7inMU2Og,Chiều chiều nấu bữa cơm quê | Sapa culinary tourism #5,https://www.youtube.com/watch?v=l8M7inMU2Og,1347,,,Khoai Lang Thang / Food & Travel
Jj_ByGMkaSA,Ký sự du lịch ẩm thực Sapa #4 |Sapa Culinary Tourism #4,https://www.youtube.com/watch?v=Jj_ByGMkaSA,1202,,,Khoai Lang Thang / Food & Travel
Gw513FgvbfA,Sapa culinary tourism# 3 |Ký sự du lịch ẩm thực Sapa #3,https://www.youtube.com/watch?v=Gw513FgvbfA,1192,,,Khoai Lang Thang / Food & Travel
yWQbo6u-g6g,Sapa VietNam Travel Guide |Ký sự du lịch ẩm thực Sapa #2,https://www.youtube.com/watch?v=yWQbo6u-g6g,1854,,,Khoai Lang Thang / Food & Travel
XdbjuI86zhM,Hành trình xây 30 sân chơi cho trẻ nghèo khắp Việt Nam |Việt Nam chuyện chưa kể phần 2,https://www.youtube.com/watch?v=XdbjuI86zhM,1304,,,Khoai Lang Thang / Food & Travel
AgKmeKeAHDQ,Breaking into the President's Room |Đột nhập vào phòng của Tổng thống,https://www.youtube.com/watch?v=AgKmeKeAHDQ,2313,,,Khoai Lang Thang / Food & Travel
2dsLkjv6g7M,Khai thác lưu huỳnh trong lòng núi lửa |Du lịch ẩm thực Bali Indo #8,https://www.youtube.com/watch?v=2dsLkjv6g7M,1511,,,Khoai Lang Thang / Food & Travel
DytwOuye9hw,Vượt biển tiến vào thế giới Hồi Giáo Java |Du lịch ẩm thực Indo Bali #7,https://www.youtube.com/watch?v=DytwOuye9hw,1576,,,Khoai Lang Thang / Food & Travel
SvWSW2Wj08I,Du lịch Ba li #6| Eat Seafood & strange Specialties |Bali travel |Food & Travel,https://www.youtube.com/watch?v=SvWSW2Wj08I,2514,,,Khoai Lang Thang / Food & Travel
zBjisuQHMhY,Du lịch ẩm thực Bali #5 |Heart Stopped! Unprecedented spectacle Bali |Khoai Lang Thang,https://www.youtube.com/watch?v=zBjisuQHMhY,1989,,,Khoai Lang Thang / Food & Travel
ofM3Y3lrBr4,Nhà hàng kỳ lạ. Gõ mõ mới được ăn |Du lịch Bali #4 |Travel Guide,https://www.youtube.com/watch?v=ofM3Y3lrBr4,1128,,,Khoai Lang Thang / Food & Travel
PELE_nkHDaE,"Du lịch Bali #3 đầy bất ngờ | 2nd-day, Bali Travel Guide",https://www.youtube.com/watch?v=PELE_nkHDaE,1781,,,Khoai Lang Thang / Food & Travel
a0RLS40Qh-A,Short film: Vietnam Untold Story |Điều tất cả chúng ta đã đánh mất,https://www.youtube.com/watch?v=a0RLS40Qh-A,845,,,Khoai Lang Thang / Food & Travel
cbRhisbICYk,Du lịch BALI #2 |Street food Tour BALI INDONESIA,https://www.youtube.com/watch?v=cbRhisbICYk,1046,,,Khoai Lang Thang / Food & Travel
M-GcDqVDkTg,Du lịch BALI |SHOCKED! The open-air WC in luxury resort |BALI Travel Diary|,https://www.youtube.com/watch?v=M-GcDqVDkTg,2017,,,Khoai Lang Thang / Food & Travel
q5EPifZQK8I,BALI DU KÝ |Du lịch Bali-Java Indonesia Trailer,https://www.youtube.com/watch?v=q5EPifZQK8I,206,,,Khoai Lang Thang / Food & Travel
tTQNbiaQ1-s,"Về miền Tây ăn củ hủ dừa |Coconut tree core, amazing flavour in your mouth | Ben Tre Vietnam",https://www.youtube.com/watch?v=tTQNbiaQ1-s,1474,,,Khoai Lang Thang / Food & Travel
TyzP2yUATuM,Feast in VietNam |Đám giỗ Miền Tây đãi 03 ngày ,https://www.youtube.com/watch?v=TyzP2yUATuM,2211,,,Khoai Lang Thang / Food & Travel
tPRzdtqLUfA,"Du lịch Thái Lan: 100-year-old barbecue, live shrimp & many strange dishes |Chiang Mai travel guide",https://www.youtube.com/watch?v=tPRzdtqLUfA,1691,,,Khoai Lang Thang / Food & Travel
36ms9Si7f8I,XIN LỖI - KHOAI | St. Hồ Tiến Đạt (M/V),https://www.youtube.com/watch?v=36ms9Si7f8I,270,,,Khoai Lang Thang / Food & Travel
TrbtMqHSmcc,800 DAYS AROUND VIETNAM |800 NGÀY ĐI KHẮP VIỆT NAM,https://www.youtube.com/watch?v=TrbtMqHSmcc,1649,,,Khoai Lang Thang / Food & Travel
OEeB5cevYYc,Đẹp không tưởng lễ hội vạn đèn trời |Du lịch Chiang Mai Thái Lan #7,https://www.youtube.com/watch?v=OEeB5cevYYc,1541,,,Khoai Lang Thang / Food & Travel
rl0mZwIpVVM,"Du lịch tự túc Thái Lan |Travel Diary: PAI, Chiang Mai, Thailand # 6",https://www.youtube.com/watch?v=rl0mZwIpVVM,2384,,,Khoai Lang Thang / Food & Travel
Cxq-fktUc4g,Ký sự du lịch: Chiang Mai Thailand Travel Trip # 5,https://www.youtube.com/watch?v=Cxq-fktUc4g,1587,,,Khoai Lang Thang / Food & Travel
4X0ogxZoc7E,Ký sự du lịch tự túc: Chiang Mai trip - Thailand Travel Guide # 4,https://www.youtube.com/watch?v=4X0ogxZoc7E,1440,,,Khoai Lang Thang / Food & Travel
ySpD5cpX9O8,Ký sự du lịch Chợ Phiên: The fair market |Chiang Mai's self-sufficiency tourism Thailand # 3,https://www.youtube.com/watch?v=ySpD5cpX9O8,1878,,,Khoai Lang Thang / Food & Travel
c2V8gHLi1Sw,Đặc sản Cực Bắc. Northernmost of Vietnam | Ha Giang Food Travel # 10,https://www.youtube.com/watch?v=c2V8gHLi1Sw,1712,,,Khoai Lang Thang / Food & Travel
HjAxjN_8EWU,Du lịch Miền Tây |Discovering the island full of fruits & specialties in Vietnam | Can Tho - Western,https://www.youtube.com/watch?v=HjAxjN_8EWU,2856,,,Khoai Lang Thang / Food & Travel
LB3E3V81Mn0,ĂN TẾT MIỀN TÂY vui quá xá #2 |Du lịch ẩm thực Việt Nam,https://www.youtube.com/watch?v=LB3E3V81Mn0,1543,,,Khoai Lang Thang / Food & Travel
pMdqJb__0Rk,"Ăn Tết Miền Tây, LUNAR NEW YEAR in VietNam |Food & Travel",https://www.youtube.com/watch?v=pMdqJb__0Rk,1949,,,Khoai Lang Thang / Food & Travel
a-RVPz-lGv4,Nấu ăn Miền Tây: SPECIAL FOOD IN VIETNAM # 2 |Vietnam Food & Travel.,https://www.youtube.com/watch?v=a-RVPz-lGv4,1834,,,Khoai Lang Thang / Food & Travel
aqojWgdqvI4,Nấu ăn Miền Tây: SPECIAL FOOD IN VIETNAM # 1 |Vietnam Food & Travel.,https://www.youtube.com/watch?v=aqojWgdqvI4,1537,,,Khoai Lang Thang / Food & Travel
zMn9mithu84,THE BRILLIAN FLOWER SEA in Vietnam| Vietnam Travel Guide,https://www.youtube.com/watch?v=zMn9mithu84,651,,,Khoai Lang Thang / Food & Travel
HHgF54a8MLY,Ký sự du lịch ẩm thực Hà Giang #9 |Đi lễ hội dân tộc La Chí Hoàng Su Phì,https://www.youtube.com/watch?v=HHgF54a8MLY,1636,,,Khoai Lang Thang / Food & Travel
r35nYry4zX0,Khoai Lang Thang's first appearance on VTV3 | Vietnam National Television,https://www.youtube.com/watch?v=r35nYry4zX0,934,,,Khoai Lang Thang / Food & Travel
a-2iTFdtnvk,Du lịch Việt Nam: Hidden Place the World Doesn't Know About |INSANE Food in VietNam,https://www.youtube.com/watch?v=a-2iTFdtnvk,1614,,,Khoai Lang Thang / Food & Travel
q27fRztrBWU,Ký sự du lịch tự túc: Sợ cũng phải ăn! Chiang Mai Thái Lan #2,https://www.youtube.com/watch?v=q27fRztrBWU,1723,,,Khoai Lang Thang / Food & Travel
7yKPv7SAlRQ,Ký sự du lịch tự túc Chiang Mai Thái Lan #1: Ăn đi chờ chi!,https://www.youtube.com/watch?v=7yKPv7SAlRQ,1223,,,Khoai Lang Thang / Food & Travel
kL-XgVsV8EI,Chiang Mai - Khoai Lang Thang: CUỘC PHIÊU LƯU BẮT ĐẦU!,https://www.youtube.com/watch?v=kL-XgVsV8EI,195,,,Khoai Lang Thang / Food & Travel
nti2HE1D5lc,Kỳ quan bị lãng quên dưới đáy vực |Ha Giang Tourism #7,https://www.youtube.com/watch?v=nti2HE1D5lc,2042,,,Khoai Lang Thang / Food & Travel
gIgGjtSRyo8,Chợ Phiên |A SUPER SPECIAL MARKET in VIETNAM | Ha Giang Travel #6,https://www.youtube.com/watch?v=gIgGjtSRyo8,1653,,,Khoai Lang Thang / Food & Travel
fNmBQEMeCEU,Special food of Mong People |VietNam Travel Guide #5,https://www.youtube.com/watch?v=fNmBQEMeCEU,1310,,,Khoai Lang Thang / Food & Travel
rEUd12lnGz8,Grilled BLACK PORK in a SPECIAL style of the Dao | Ha Giang Tourism # 4,https://www.youtube.com/watch?v=rEUd12lnGz8,1301,,,Khoai Lang Thang / Food & Travel
FI76bkpTeqQ,Discover the BEST CAVE in the HIGHLANDS of VIETNAM |HA GIANG TRAVEL GUIDE #3,https://www.youtube.com/watch?v=FI76bkpTeqQ,1170,,,Khoai Lang Thang / Food & Travel
Qi0NIRSEElU,The THOUSAND DOLLAR costume of highland people |Ha Giang traveling # 2,https://www.youtube.com/watch?v=Qi0NIRSEElU,1450,,,Khoai Lang Thang / Food & Travel
IK6q6dWaHeU,A SUPER UNIQUE soup of The Dao. Tourism Ha Giang # 1,https://www.youtube.com/watch?v=IK6q6dWaHeU,1725,,,Khoai Lang Thang / Food & Travel
6lyCfq8BQt8,Du lịch Phú Yên |Viet Nam Travel Guide - PHU YEN FOOD TRIP,https://www.youtube.com/watch?v=6lyCfq8BQt8,1450,,,Khoai Lang Thang / Food & Travel
RTDVFcTjMcY,ĂN HẢI SẢN TRÊN BÈ TÔM HÙM |Ký sự du lịch Phú Yên #3,https://www.youtube.com/watch?v=RTDVFcTjMcY,1375,,,Khoai Lang Thang / Food & Travel
V5972msvhLM,BỮA CƠM CHIA TAY • RA VƯỜN HÁI TRÁI CÂY |Ở ẩn ĐÀ LẠT #3,https://www.youtube.com/watch?v=V5972msvhLM,2025,,,Khoai Lang Thang / Food & Travel
6BOl5XHZImY,Nấu ăn ở căn bếp “ĐẸP NHẤT VIỆT NAM” • Ở ẩn  ĐÀ LẠT #2,https://www.youtube.com/watch?v=6BOl5XHZImY,1136,,,Khoai Lang Thang / Food & Travel
irQqgFHGe8k,Du lịch Đà Lạt. CHALLENGE not using Phone and the Internet # 1,https://www.youtube.com/watch?v=irQqgFHGe8k,1004,,,Khoai Lang Thang / Food & Travel
23QpMHRdvkI,Hải sản Phú Yên |DELICIOUS SEAFOOD in Phu Yen Travel # 2,https://www.youtube.com/watch?v=23QpMHRdvkI,2151,,,Khoai Lang Thang / Food & Travel
Iz9m_BmWaNQ,"EATING LOBSTER, SEAFOOD in O Loan lagoon, Vietnam| Phu Yen Travel Guide",https://www.youtube.com/watch?v=Iz9m_BmWaNQ,1031,,,Khoai Lang Thang / Food & Travel
2jhTkzKipOs,EXTREMELY BEAUTIFUL trees in Vietnam| Phu Yen Travel Guide #1,https://www.youtube.com/watch?v=2jhTkzKipOs,2587,,,Khoai Lang Thang / Food & Travel
s5zMwZ1UNoM,DON'T MISS THESE THINGS in Hue VIETNAM| Hue culinary tourism #7,https://www.youtube.com/watch?v=s5zMwZ1UNoM,1993,,,Khoai Lang Thang / Food & Travel
RIS23gB1bxY,"Chè heo quay. INSANE Street Foods in Hue City, Vietnam | Hue culinary tourism # 6",https://www.youtube.com/watch?v=RIS23gB1bxY,2010,,,Khoai Lang Thang / Food & Travel
ilznuulLEuY,TRADITIONAL FOOD SHOPS in Hue VIETNAM | Hue culinary tourism #5,https://www.youtube.com/watch?v=ilznuulLEuY,1849,,,Khoai Lang Thang / Food & Travel
n2icxQPTcBk,THE PARADISE OF DELICIOUS FOOD| Vietnam Travel,https://www.youtube.com/watch?v=n2icxQPTcBk,1450,,,Khoai Lang Thang / Food & Travel
7M9VPpCmKmo,RESTAURANT DURING 70 YEARS only open 2 hours a day | Hue Travel # 3,https://www.youtube.com/watch?v=7M9VPpCmKmo,1777,,,Khoai Lang Thang / Food & Travel
QccWP64BStk,Eat special whale cake and pressed cake | Hue culinary tourism #2,https://www.youtube.com/watch?v=QccWP64BStk,2222,,,Khoai Lang Thang / Food & Travel
w40HqQd0UzE,Teaser| HUẾ - Khoai Lang Thang |Du Lịch - Ẩm Thực - Con Người,https://www.youtube.com/watch?v=w40HqQd0UzE,125,,,Khoai Lang Thang / Food & Travel
iL7IozENDME,KHOAI LANG THANG |Lý do bỏ việc theo đuổi đam mê?,https://www.youtube.com/watch?v=iL7IozENDME,749,,,Khoai Lang Thang / Food & Travel
nv63S_mucFE,Củ hủ khóm. Lạ mà ngon bá chấy |SUPER RARE FOOD in The West of Vietnam,https://www.youtube.com/watch?v=nv63S_mucFE,1403,,,Khoai Lang Thang / Food & Travel
XVTQPrwrU8s,BẮT HẢI SẢN ở rừng bần lớn nhất Việt Nam |Món ăn đặc sản Miền Tây,https://www.youtube.com/watch?v=XVTQPrwrU8s,2208,,,Khoai Lang Thang / Food & Travel
5QCsAh9Eays,FLOATING MARKET FOOD TOUR in VietNam |Chợ Nổi Miền Tây,https://www.youtube.com/watch?v=5QCsAh9Eays,1452,,,Khoai Lang Thang / Food & Travel
9YjhYj2g0gI,ĐẶC SẢN KON TUM LẠ QUÁ! Du lịch Tây Nguyên Việt Nam,https://www.youtube.com/watch?v=9YjhYj2g0gI,2593,,,Khoai Lang Thang / Food & Travel
TrwPFTmWfiQ,Ăn ở nhà hàng 25 năm sao Michelin |Du lịch Châu Âu Tây Ban Nha,https://www.youtube.com/watch?v=TrwPFTmWfiQ,1685,,,Khoai Lang Thang / Food & Travel
h1uOGL26qPo,EATING SEAFOOD at FOOD MARKET San Miguel Madrid,https://www.youtube.com/watch?v=h1uOGL26qPo,1039,,,Khoai Lang Thang / Food & Travel
nJHBlQr9ZgE,"Eating 10 ""GOD DISHES@ in 2000-year-old town in Toledo - Europe",https://www.youtube.com/watch?v=nJHBlQr9ZgE,1622,,,Khoai Lang Thang / Food & Travel
07whk7FVHYs,What to EAT at MICHELIN STAR Restaurant & cattle farm in Spain?,https://www.youtube.com/watch?v=07whk7FVHYs,1284,,,Khoai Lang Thang / Food & Travel
tXRL9knnwhc,Eating PERCEBES in Madrid| Spain Travel,https://www.youtube.com/watch?v=tXRL9knnwhc,1591,,,Khoai Lang Thang / Food & Travel
UGp90Uw83eA,What to eat at the 300-YEAR-OLD RESTAURANT? Spain travel - Europe,https://www.youtube.com/watch?v=UGp90Uw83eA,2118,,,Khoai Lang Thang / Food & Travel
SsSOkL0Ukcw,HÁI ẤU - PICKING and EATING WATER CALTROP SWEET SOUP| Viet Nam Travel,https://www.youtube.com/watch?v=SsSOkL0Ukcw,1460,,,Khoai Lang Thang / Food & Travel
EECy6-moQ1k,Special Festival. Eating in Bac Lieu Viet Nam part 2,https://www.youtube.com/watch?v=EECy6-moQ1k,1255,,,Khoai Lang Thang / Food & Travel
-h01EiWviW4,Bac Lieu Travel. EATING STRANGE AND DELICIOUS SPECIALTIES.,https://www.youtube.com/watch?v=-h01EiWviW4,1462,,,Khoai Lang Thang / Food & Travel
IviNQC5hjaw,"Picking Narrow Leaf Cattail, eating Sea Crab and ""Level 7"" Spicy Steamed Cassava in Ca Mau.",https://www.youtube.com/watch?v=IviNQC5hjaw,1853,,,Khoai Lang Thang / Food & Travel
3I1IfwJh6ag,A STRANGE RESTAURANT in SEA LAKE WESTERN REGION |CA MAU Travel,https://www.youtube.com/watch?v=3I1IfwJh6ag,1462,,,Khoai Lang Thang / Food & Travel
HLWAhEmv814,THE MOST BEAUTIFUL FLOWERS VILLAGE in Viet Nam  •  Go Home for Tet.,https://www.youtube.com/watch?v=HLWAhEmv814,1177,,,Khoai Lang Thang / Food & Travel
HxZT0W9H0cg,"Delicious meal at ""GOD LAKE"" Bung Binh Thien | AN GIANG VIET NAM Travel",https://www.youtube.com/watch?v=HxZT0W9H0cg,1765,,,Khoai Lang Thang / Food & Travel
C5obLwGGHFM,DELICIOUS STREET FOOD in Tra Su Cajuput Forest area| An Giang Viet Nam Travel,https://www.youtube.com/watch?v=C5obLwGGHFM,1618,,,Khoai Lang Thang / Food & Travel
2rKNqwdS4xA,EATING WILD LETTUCE CHICKEN HOT POT • PICK LOTUS STEMS.,https://www.youtube.com/watch?v=2rKNqwdS4xA,1279,,,Khoai Lang Thang / Food & Travel
4V4KjfmH5vw,RARE & SPECIALITY Food ONLY IN Viet Nam| Street Food & Travel,https://www.youtube.com/watch?v=4V4KjfmH5vw,1409,,,Khoai Lang Thang / Food & Travel
-VfFP4zpkZo,"Mekong Delta Vietnam - Khoai Lang Thang - cuisine, culture, people.",https://www.youtube.com/watch?v=-VfFP4zpkZo,206,,,Khoai Lang Thang / Food & Travel
yNeEZmP64G4,Sweet and Sour Soup | Cooking Dinner for Mom,https://www.youtube.com/watch?v=yNeEZmP64G4,973,,,Khoai Lang Thang / Food & Travel
xWpNbxjvWJ4,VƯỜN TRÁI CÂY ăn thỏa thích. Nấu cơm đãi Mẹ |Miền Tây,https://www.youtube.com/watch?v=xWpNbxjvWJ4,1301,,,Khoai Lang Thang / Food & Travel
CnlXly4_b9Y,Celebrating 1000 subscribers. Thanks everyone! Q&A Vlog,https://www.youtube.com/watch?v=CnlXly4_b9Y,210,,,Khoai Lang Thang / Food & Travel
IxchuaO_frY,[VIDEO ĐẦU TIÊN] Tham quan Thảo Cầm Viên - sở thú Sài Gòn - SaiGon Zoo,https://www.youtube.com/watch?v=IxchuaO_frY,2028,,,Khoai Lang Thang / Food & Travel
